val_loss,val_acc,loss,acc
0.18761349373392858,0.9262855882098464,0.24070998710908761,0.9011134546115434
0.17810459670622442,0.9282719046699635,0.14913305481612119,0.9417030460646103
0.16429188238800926,0.9368792761374561,0.1102960746458135,0.9564428311662687
0.12794693100961516,0.9512248951929396,0.08537548989537752,0.9673811742280238
0.14168593757753997,0.9492385787196677,0.06548344143958922,0.9754745671290335
0.1549704714662401,0.9543147208253376,0.05671224129287253,0.9780497375778683
0.14974523482700763,0.9523284043520656,0.04530382976312357,0.9827586206428767
