{"AF": {"precision": 0.9412532637075718, "recall": 0.963903743315508, "f1-score": 0.9524438573315719, "support": 2244}, "N": {"precision": 0.9637259292431706, "recall": 0.9409707039790118, "f1-score": 0.952212389380531, "support": 2287}, "accuracy": 0.9523284043257559, "macro avg": {"precision": 0.9524895964753712, "recall": 0.9524372236472599, "f1-score": 0.9523281233560514, "support": 4531}, "weighted avg": {"precision": 0.9525962312820399, "recall": 0.9523284043257559, "f1-score": 0.9523270250199342, "support": 4531}}