val_loss,val_acc,loss,acc
0.0260245173946023,0.9902222222222222,0.05998741501973321,0.9789019607843137
0.03168197292725866,0.9877777777777778,0.021610986040224888,0.9925490196078431
