{"AF": {"precision": 0.9857587894971073, "recall": 0.9897229669347631, "f1-score": 0.9877369007803791, "support": 2238}, "N": {"precision": 0.9897913892587661, "recall": 0.9858532272325375, "f1-score": 0.9878183831672203, "support": 2262}, "accuracy": 0.9877777777777778, "macro avg": {"precision": 0.9877750893779367, "recall": 0.9877880970836503, "f1-score": 0.9877776419737997, "support": 4500}, "weighted avg": {"precision": 0.9877858429773011, "recall": 0.9877777777777778, "f1-score": 0.9877778592601646, "support": 4500}}