{"AF": {"precision": 0.9474708171206225, "recall": 0.8830462375339981, "f1-score": 0.9141248240262786, "support": 1103}, "N": {"precision": 0.8821917808219178, "recall": 0.9470588235294117, "f1-score": 0.9134751773049646, "support": 1020}, "accuracy": 0.9138012246820537, "macro avg": {"precision": 0.9148312989712701, "recall": 0.915052530531705, "f1-score": 0.9138000006656216, "support": 2123}, "weighted avg": {"precision": 0.9161073611504489, "recall": 0.9138012246820537, "f1-score": 0.9138126998361041, "support": 2123}}