{"AF": {"precision": 0.9181789737171464, "recall": 0.9409972743306076, "f1-score": 0.9294480956528625, "support": 6237}, "N": {"precision": 0.9415223263944065, "recall": 0.9188895781637717, "f1-score": 0.9300682834942312, "support": 6448}, "accuracy": 0.9297595585337012, "macro avg": {"precision": 0.9298506500557764, "recall": 0.9299434262471897, "f1-score": 0.9297581895735468, "support": 12685}, "weighted avg": {"precision": 0.9300447946129267, "recall": 0.9297595585337012, "f1-score": 0.9297633476198428, "support": 12685}}