{"AF": {"precision": 0.9650837988826816, "recall": 0.9237967914438503, "f1-score": 0.9439890710382514, "support": 2244}, "N": {"precision": 0.9282417121275703, "recall": 0.9672059466550066, "f1-score": 0.9473233404710922, "support": 2287}, "accuracy": 0.9457073493709998, "macro avg": {"precision": 0.9466627555051259, "recall": 0.9455013690494285, "f1-score": 0.9456562057546718, "support": 4531}, "weighted avg": {"precision": 0.946487936510371, "recall": 0.9457073493709998, "f1-score": 0.9456720271611617, "support": 4531}}