{"AF": {"precision": 0.973491773308958, "recall": 0.9655485040797824, "f1-score": 0.969503868912153, "support": 1103}, "N": {"precision": 0.9630709426627794, "recall": 0.9715686274509804, "f1-score": 0.9673011224987799, "support": 1020}, "accuracy": 0.9684408855393312, "macro avg": {"precision": 0.9682813579858687, "recall": 0.9685585657653815, "f1-score": 0.9684024957054664, "support": 2123}, "weighted avg": {"precision": 0.96848506240029, "recall": 0.9684408855393312, "f1-score": 0.9684455545731796, "support": 2123}}