{"AF": {"precision": 0.8801065719360568, "recall": 0.898458748866727, "f1-score": 0.8891879766711529, "support": 1103}, "N": {"precision": 0.8876629889669007, "recall": 0.8676470588235294, "f1-score": 0.8775409023301933, "support": 1020}, "accuracy": 0.8836552048987282, "macro avg": {"precision": 0.8838847804514787, "recall": 0.8830529038451282, "f1-score": 0.8833644395006731, "support": 2123}, "weighted avg": {"precision": 0.8837370690493215, "recall": 0.8836552048987282, "f1-score": 0.8835921142934897, "support": 2123}}