{"AF": {"precision": 0.9823463687150839, "recall": 0.9786286731967943, "f1-score": 0.9804839968774396, "support": 4492}, "N": {"precision": 0.9787845303867403, "recall": 0.9824755989352263, "f1-score": 0.980626591387136, "support": 4508}, "accuracy": 0.9805555555555555, "macro avg": {"precision": 0.9805654495509121, "recall": 0.9805521360660103, "f1-score": 0.9805552941322878, "support": 9000}, "weighted avg": {"precision": 0.9805622834723979, "recall": 0.9805555555555555, "f1-score": 0.9805554208829631, "support": 9000}}