{"AF": {"precision": 0.9925842696629213, "recall": 0.9937007874015747, "f1-score": 0.9931422147273749, "support": 4445}, "N": {"precision": 0.9938461538461538, "recall": 0.9927552140504939, "f1-score": 0.9933003844041736, "support": 4555}, "accuracy": 0.9932222222222222, "macro avg": {"precision": 0.9932152117545376, "recall": 0.9932280007260343, "f1-score": 0.9932212995657742, "support": 9000}, "weighted avg": {"precision": 0.9932229232689905, "recall": 0.9932222222222222, "f1-score": 0.9932222661582435, "support": 9000}}