{"AF": {"precision": 0.9961685823754789, "recall": 0.9943757030371203, "f1-score": 0.9952713352848457, "support": 4445}, "N": {"precision": 0.9945211483673022, "recall": 0.9962678375411635, "f1-score": 0.9953937266944505, "support": 4555}, "accuracy": 0.9953333333333333, "macro avg": {"precision": 0.9953448653713906, "recall": 0.9953217702891419, "f1-score": 0.9953325309896481, "support": 9000}, "weighted avg": {"precision": 0.9953347977191184, "recall": 0.9953333333333333, "f1-score": 0.9953332789371513, "support": 9000}}