{
    "AF": {
        "f1-score": 0.9816023738872405,
        "precision": 0.9892344497607656,
        "recall": 0.9740871613663133,
        "support": 849
    },
    "N": {
        "f1-score": 0.9818819403857394,
        "precision": 0.974477958236659,
        "recall": 0.9893992932862191,
        "support": 849
    },
    "accuracy": 0.9817432273262662,
    "macro avg": {
        "f1-score": 0.9817421571364899,
        "precision": 0.9818562039987122,
        "recall": 0.9817432273262663,
        "support": 1698
    },
    "weighted avg": {
        "f1-score": 0.9817421571364899,
        "precision": 0.9818562039987122,
        "recall": 0.9817432273262662,
        "support": 1698
    }
}