{"AF": {"precision": 0.9785714285714285, "recall": 0.9681978798586572, "f1-score": 0.9733570159857904, "support": 849}, "N": {"precision": 0.9685681024447031, "recall": 0.9788235294117648, "f1-score": 0.9736688121708601, "support": 850}, "accuracy": 0.9735138316656857, "macro avg": {"precision": 0.9735697655080658, "recall": 0.9735107046352109, "f1-score": 0.9735129140783252, "support": 1699}, "weighted avg": {"precision": 0.9735668216216248, "recall": 0.9735138316656857, "f1-score": 0.9735130058370612, "support": 1699}}