{"AF": {"precision": 0.9829721362229102, "recall": 0.9534534534534534, "f1-score": 0.9679878048780489, "support": 666}, "N": {"precision": 0.9506369426751592, "recall": 0.9819078947368421, "f1-score": 0.9660194174757282, "support": 608}, "accuracy": 0.967032967032967, "macro avg": {"precision": 0.9668045394490348, "recall": 0.9676806740951478, "f1-score": 0.9670036111768885, "support": 1274}, "weighted avg": {"precision": 0.9675405838861499, "recall": 0.967032967032967, "f1-score": 0.9670484174835348, "support": 1274}}