val_loss,loss
0.034597967937721595,0.06229370528408735
0.030439401503294824,0.0318161418478452
0.029730166125507003,0.030402092542057297
0.02949999191220471,0.02972002650204621
0.029077549965050745,0.029193015126414867
0.0287075992620474,0.029180171051010093
0.02894894731481225,0.028868937515878764
0.028713707605132963,0.02873940033535952
0.02860360527347974,0.02862794465608181
0.028291125962915397,0.028701796801621642
