val_loss,val_acc,loss,acc
0.14438015552361808,0.9455555556085374,0.2085143578309639,0.915882352959876
0.11496365007427004,0.9556666666136847,0.10745126183009615,0.9589215686461505
0.09466791179445055,0.9657777778837416,0.07446314223490509,0.9731372549206603
0.13691340251763662,0.9503333332803514,0.05158120131434179,0.9811764706069348
0.08296101165314515,0.9763333333333334,0.038776076696667015,0.9854509804015066
0.07407645829435852,0.9773333333333334,0.03104800923701887,0.9891568627450981
0.08177820591628551,0.9754444444444444,0.029015109735668874,0.9896078431466047
0.08883222064127524,0.9734444444444444,0.022266701610649333,0.9915490196078431
0.0812454195552402,0.9805555556615194,0.01762817571699327,0.993921568627451
