val_loss,val_acc,loss,acc
0.036345177880695294,0.9873333333333333,0.059291660804575416,0.9786666666666667
0.01932633860429956,0.9932222222222222,0.026429014327840002,0.9907450980392157
