val_loss,loss
0.015832490710748565,0.03055735927338109
0.01384248512238264,0.014840927575148788
0.012891487869123619,0.013514678271377787
0.012719429531031185,0.012966901476768886
0.01233994779901372,0.012564929846162889
0.012101388075285487,0.012397634603959673
0.011975816541247897,0.01222727251403472
0.011853270423081185,0.012151357207812515
0.011777362611558703,0.012069819347385097
0.012078273158934382,0.011920379670519454
