val_loss,val_acc,loss,acc
0.016772857503189395,0.9954444444444445,0.04309882832274375,0.984980392147513
0.012055070601973663,0.9953333333333333,0.015434960789219522,0.9948627450980392
