val_loss,loss
0.016285998379950407,0.026796585505064245
0.01724957199748877,0.014569703998428996
0.013468758458955156,0.013687856403218866
0.013111570697449585,0.013272953683031913
0.01395460363326225,0.01311288703767472
0.014442518917321689,0.012934452754512183
0.013107472716599034,0.012836994439509659
0.012884109335113426,0.01274999142764336
0.012734609103262729,0.012631315748355163
0.013223240288854772,0.012572601613554942
