{"AF": {"precision": 0.9614485981308412, "recall": 0.9682352941176471, "f1-score": 0.9648300117233295, "support": 850}, "N": {"precision": 0.9679715302491103, "recall": 0.9611307420494699, "f1-score": 0.9645390070921985, "support": 849}, "accuracy": 0.964685108887581, "macro avg": {"precision": 0.9647100641899757, "recall": 0.9646830180835585, "f1-score": 0.9646845094077641, "support": 1699}, "weighted avg": {"precision": 0.96470814455133, "recall": 0.964685108887581, "f1-score": 0.9646845950477378, "support": 1699}}