{"AF": {"precision": 0.9651442307692307, "recall": 0.9458186101295641, "f1-score": 0.9553837001784652, "support": 849}, "N": {"precision": 0.9468822170900693, "recall": 0.9658421672555948, "f1-score": 0.956268221574344, "support": 849}, "accuracy": 0.9558303886925795, "macro avg": {"precision": 0.9560132239296499, "recall": 0.9558303886925794, "f1-score": 0.9558259608764046, "support": 1698}, "weighted avg": {"precision": 0.9560132239296499, "recall": 0.9558303886925795, "f1-score": 0.9558259608764046, "support": 1698}}