{"AF": {"precision": 0.9819494584837545, "recall": 0.9611307420494699, "f1-score": 0.9714285714285714, "support": 849}, "N": {"precision": 0.9619377162629758, "recall": 0.9823321554770318, "f1-score": 0.972027972027972, "support": 849}, "accuracy": 0.9717314487632509, "macro avg": {"precision": 0.9719435873733651, "recall": 0.9717314487632509, "f1-score": 0.9717282717282717, "support": 1698}, "weighted avg": {"precision": 0.9719435873733652, "recall": 0.9717314487632509, "f1-score": 0.9717282717282717, "support": 1698}}