{"AF": {"precision": 0.9714285714285714, "recall": 0.9611307420494699, "f1-score": 0.9662522202486679, "support": 849}, "N": {"precision": 0.9615384615384616, "recall": 0.9717314487632509, "f1-score": 0.9666080843585237, "support": 849}, "accuracy": 0.9664310954063604, "macro avg": {"precision": 0.9664835164835165, "recall": 0.9664310954063604, "f1-score": 0.9664301523035959, "support": 1698}, "weighted avg": {"precision": 0.9664835164835165, "recall": 0.9664310954063604, "f1-score": 0.9664301523035959, "support": 1698}}