{"AF": {"precision": 0.901743264659271, "recall": 0.8543543543543544, "f1-score": 0.8774094063222823, "support": 666}, "N": {"precision": 0.8491446345256609, "recall": 0.8980263157894737, "f1-score": 0.8729016786570744, "support": 608}, "accuracy": 0.8751962323390895, "macro avg": {"precision": 0.875443949592466, "recall": 0.876190335071914, "f1-score": 0.8751555424896783, "support": 1274}, "weighted avg": {"precision": 0.8766412496504524, "recall": 0.8751962323390895, "f1-score": 0.87525815167515, "support": 1274}}