{"AF": {"precision": 0.9756986634264885, "recall": 0.9458186101295641, "f1-score": 0.9605263157894737, "support": 849}, "N": {"precision": 0.9474285714285714, "recall": 0.9764428739693758, "f1-score": 0.9617169373549884, "support": 849}, "accuracy": 0.9611307420494699, "macro avg": {"precision": 0.9615636174275299, "recall": 0.9611307420494699, "f1-score": 0.9611216265722311, "support": 1698}, "weighted avg": {"precision": 0.9615636174275299, "recall": 0.9611307420494699, "f1-score": 0.961121626572231, "support": 1698}}