{"AF": {"precision": 0.9817518248175182, "recall": 0.950530035335689, "f1-score": 0.9658886894075404, "support": 849}, "N": {"precision": 0.952054794520548, "recall": 0.9823321554770318, "f1-score": 0.9669565217391305, "support": 849}, "accuracy": 0.9664310954063604, "macro avg": {"precision": 0.9669033096690332, "recall": 0.9664310954063604, "f1-score": 0.9664226055733354, "support": 1698}, "weighted avg": {"precision": 0.9669033096690332, "recall": 0.9664310954063604, "f1-score": 0.9664226055733354, "support": 1698}}