{"AF": {"precision": 0.9589201877934272, "recall": 0.9611764705882353, "f1-score": 0.9600470035252644, "support": 850}, "N": {"precision": 0.961038961038961, "recall": 0.9587750294464076, "f1-score": 0.9599056603773585, "support": 849}, "accuracy": 0.9599764567392584, "macro avg": {"precision": 0.9599795744161941, "recall": 0.9599757500173214, "f1-score": 0.9599763319513115, "support": 1699}, "weighted avg": {"precision": 0.959978950880807, "recall": 0.9599764567392584, "f1-score": 0.9599763735472938, "support": 1699}}