{"AF": {"precision": 0.9588235294117647, "recall": 0.9599528857479388, "f1-score": 0.9593878752207181, "support": 849}, "N": {"precision": 0.9599056603773585, "recall": 0.9587750294464076, "f1-score": 0.9593400117855039, "support": 849}, "accuracy": 0.9593639575971732, "macro avg": {"precision": 0.9593645948945616, "recall": 0.9593639575971732, "f1-score": 0.9593639435031109, "support": 1698}, "weighted avg": {"precision": 0.9593645948945616, "recall": 0.9593639575971732, "f1-score": 0.9593639435031109, "support": 1698}}