{"AF": {"precision": 0.9682352941176471, "recall": 0.9693757361601885, "f1-score": 0.9688051795173631, "support": 849}, "N": {"precision": 0.9693757361601885, "recall": 0.9682352941176471, "f1-score": 0.9688051795173631, "support": 850}, "accuracy": 0.9688051795173631, "macro avg": {"precision": 0.9688055151389178, "recall": 0.9688055151389178, "f1-score": 0.9688051795173631, "support": 1699}, "weighted avg": {"precision": 0.9688058507604723, "recall": 0.9688051795173631, "f1-score": 0.9688051795173631, "support": 1699}}