val_loss,val_acc,loss,acc
0.3778539163351433,0.8335949766392611,0.3877631838663888,0.8288999722584623
0.3286803707457038,0.8626373628245044,0.31324021794040235,0.8682460514717599
0.28344536948147897,0.8744113030763024,0.2828080217142652,0.8850096980268257
0.2810248220032388,0.877551019846738,0.26252836003036634,0.8869492933670218
0.29515250934817167,0.8744113030763024,0.2508192754214607,0.8940149625439695
0.3037192141008527,0.8563579273186449,0.24958679237733028,0.8954003879190912
0.3514073024645705,0.8422291995591983,0.23362850970295732,0.8994181213962896
