{"AF": {"precision": 0.9640718562874252, "recall": 0.7252252252252253, "f1-score": 0.8277634961439589, "support": 666}, "N": {"precision": 0.7632600258732212, "recall": 0.9703947368421053, "f1-score": 0.8544532947139755, "support": 608}, "accuracy": 0.8422291993720565, "macro avg": {"precision": 0.8636659410803231, "recall": 0.8478099810336652, "f1-score": 0.8411083954289672, "support": 1274}, "weighted avg": {"precision": 0.8682370110034096, "recall": 0.8422291993720565, "f1-score": 0.8405008568429934, "support": 1274}}