{"AF": {"precision": 0.9294964028776979, "recall": 0.96996996996997, "f1-score": 0.9493019838354152, "support": 666}, "N": {"precision": 0.9654576856649395, "recall": 0.9194078947368421, "f1-score": 0.9418702611625946, "support": 608}, "accuracy": 0.945839874411303, "macro avg": {"precision": 0.9474770442713187, "recall": 0.944688932353406, "f1-score": 0.945586122499005, "support": 1274}, "weighted avg": {"precision": 0.9466584593413108, "recall": 0.945839874411303, "f1-score": 0.945755290440537, "support": 1274}}