{"AF": {"precision": 0.9689349112426036, "recall": 0.9834834834834835, "f1-score": 0.9761549925484352, "support": 666}, "N": {"precision": 0.9816053511705686, "recall": 0.9654605263157895, "f1-score": 0.9734660033167496, "support": 608}, "accuracy": 0.9748822605965463, "macro avg": {"precision": 0.9752701312065861, "recall": 0.9744720048996365, "f1-score": 0.9748104979325924, "support": 1274}, "weighted avg": {"precision": 0.9749817145991208, "recall": 0.9748822605965463, "f1-score": 0.9748717072636119, "support": 1274}}