{"AF": {"precision": 0.9541910331384016, "recall": 0.8875793291024479, "f1-score": 0.9196806012212307, "support": 1103}, "N": {"precision": 0.886964448495898, "recall": 0.953921568627451, "f1-score": 0.9192253188474256, "support": 1020}, "accuracy": 0.9194536033914272, "macro avg": {"precision": 0.9205777408171498, "recall": 0.9207504488649494, "f1-score": 0.9194529600343282, "support": 2123}, "weighted avg": {"precision": 0.9218918733007408, "recall": 0.9194536033914272, "f1-score": 0.9194618598075325, "support": 2123}}