{"AF": {"precision": 0.9649608114338405, "recall": 0.9327094474153298, "f1-score": 0.9485610695671879, "support": 2244}, "N": {"precision": 0.9360711261642676, "recall": 0.9667686926104067, "f1-score": 0.9511722951172296, "support": 2287}, "accuracy": 0.9499006841756786, "macro avg": {"precision": 0.9505159687990541, "recall": 0.9497390700128683, "f1-score": 0.9498666823422087, "support": 4531}, "weighted avg": {"precision": 0.9503788846601674, "recall": 0.9499006841756786, "f1-score": 0.949879072840846, "support": 4531}}