val_loss,val_acc,loss,acc
0.2503285412005214,0.8974379188017343,0.25058866405618624,0.8979153893390073
0.19495853344620942,0.9187229010642491,0.1672768091201636,0.9331698344500792
0.19578920194411495,0.930153724871896,0.13254902948408973,0.9481606376456162
0.17394948537525426,0.9359085534095388,0.10598373648343387,0.9592581238503985
0.20883541663045524,0.9307843910130075,0.08695954150177086,0.9673206621704475
0.24041842373285446,0.928655892786756,0.07167662012052181,0.9725321888412017
0.2932470838666742,0.9176980685849428,0.06049940814700944,0.9773145309625997
