{"AF": {"precision": 0.954808197582764, "recall": 0.873977873977874, "f1-score": 0.9126067302862882, "support": 6237}, "N": {"precision": 0.8873279816513762, "recall": 0.9599875930521092, "f1-score": 0.9222288438617402, "support": 6448}, "accuracy": 0.9176980685849428, "macro avg": {"precision": 0.9210680896170701, "recall": 0.9169827335149916, "f1-score": 0.9174177870740142, "support": 12685}, "weighted avg": {"precision": 0.920506862752209, "recall": 0.9176980685849428, "f1-score": 0.9174978133240901, "support": 12685}}