{
    "AF": {
        "f1-score": 0.9135951661631421,
        "precision": 0.9379652605459057,
        "recall": 0.8904593639575972,
        "support": 849
    },
    "N": {
        "f1-score": 0.9178632969557725,
        "precision": 0.8957399103139013,
        "recall": 0.9411071849234394,
        "support": 849
    },
    "accuracy": 0.9157832744405182,
    "macro avg": {
        "f1-score": 0.9157292315594573,
        "precision": 0.9168525854299034,
        "recall": 0.9157832744405183,
        "support": 1698
    },
    "weighted avg": {
        "f1-score": 0.9157292315594573,
        "precision": 0.9168525854299034,
        "recall": 0.9157832744405182,
        "support": 1698
    }
}