{
    "AF": {
        "f1-score": 0.9023529411764705,
        "precision": 0.9012925969447708,
        "recall": 0.9034157832744405,
        "support": 849
    },
    "N": {
        "f1-score": 0.902122641509434,
        "precision": 0.9031877213695395,
        "recall": 0.901060070671378,
        "support": 849
    },
    "accuracy": 0.9022379269729093,
    "macro avg": {
        "f1-score": 0.9022377913429522,
        "precision": 0.9022401591571552,
        "recall": 0.9022379269729093,
        "support": 1698
    },
    "weighted avg": {
        "f1-score": 0.9022377913429521,
        "precision": 0.902240159157155,
        "recall": 0.9022379269729093,
        "support": 1698
    }
}