{
    "AF": {
        "f1-score": 0.9146556798116539,
        "precision": 0.9141176470588235,
        "recall": 0.9151943462897526,
        "support": 849
    },
    "N": {
        "f1-score": 0.9146556798116539,
        "precision": 0.9151943462897526,
        "recall": 0.9141176470588235,
        "support": 850
    },
    "accuracy": 0.914655679811654,
    "macro avg": {
        "f1-score": 0.9146556798116539,
        "precision": 0.914655996674288,
        "recall": 0.914655996674288,
        "support": 1699
    },
    "weighted avg": {
        "f1-score": 0.914655679811654,
        "precision": 0.9146563135369222,
        "recall": 0.914655679811654,
        "support": 1699
    }
}