{
    "AF": {
        "f1-score": 0.9218934911242604,
        "precision": 0.9273809523809524,
        "recall": 0.9164705882352941,
        "support": 850
    },
    "N": {
        "f1-score": 0.9227166276346604,
        "precision": 0.9173457508731082,
        "recall": 0.928150765606596,
        "support": 849
    },
    "accuracy": 0.922307239552678,
    "macro avg": {
        "f1-score": 0.9223050593794604,
        "precision": 0.9223633516270303,
        "recall": 0.922310676920945,
        "support": 1699
    },
    "weighted avg": {
        "f1-score": 0.9223048171379918,
        "precision": 0.9223663048941015,
        "recall": 0.922307239552678,
        "support": 1699
    }
}