{
    "AF": {
        "f1-score": 0.9292565947242206,
        "precision": 0.9462759462759462,
        "recall": 0.9128386336866903,
        "support": 849
    },
    "N": {
        "f1-score": 0.931712962962963,
        "precision": 0.9158134243458476,
        "recall": 0.9481743227326266,
        "support": 849
    },
    "accuracy": 0.9305064782096584,
    "macro avg": {
        "f1-score": 0.9304847788435918,
        "precision": 0.9310446853108969,
        "recall": 0.9305064782096584,
        "support": 1698
    },
    "weighted avg": {
        "f1-score": 0.9304847788435918,
        "precision": 0.9310446853108968,
        "recall": 0.9305064782096584,
        "support": 1698
    }
}