{"AF": {"precision": 0.9010819165378671, "recall": 0.8753753753753754, "f1-score": 0.888042650418888, "support": 666}, "N": {"precision": 0.8676236044657097, "recall": 0.8947368421052632, "f1-score": 0.8809716599190284, "support": 608}, "accuracy": 0.8846153846153846, "macro avg": {"precision": 0.8843527605017885, "recall": 0.8850561087403193, "f1-score": 0.8845071551689582, "support": 1274}, "weighted avg": {"precision": 0.8851143704312173, "recall": 0.8846153846153846, "f1-score": 0.8846681117815922, "support": 1274}}