{"AF": {"precision": 0.9422653151167916, "recall": 0.9527629233511586, "f1-score": 0.9474850432085088, "support": 2244}, "N": {"precision": 0.9531388152077808, "recall": 0.9427197201574115, "f1-score": 0.9479006375027479, "support": 2287}, "accuracy": 0.9476936658574266, "macro avg": {"precision": 0.9477020651622862, "recall": 0.947741321754285, "f1-score": 0.9476928403556284, "support": 4531}, "weighted avg": {"precision": 0.9477536608921375, "recall": 0.9476936658574266, "f1-score": 0.947694812387702, "support": 4531}}