{"AF": {"precision": 0.8871951219512195, "recall": 0.8738738738738738, "f1-score": 0.8804841149773072, "support": 666}, "N": {"precision": 0.8640776699029126, "recall": 0.8782894736842105, "f1-score": 0.8711256117455138, "support": 608}, "accuracy": 0.8759811616954474, "macro avg": {"precision": 0.8756363959270661, "recall": 0.8760816737790422, "f1-score": 0.8758048633614105, "support": 1274}, "weighted avg": {"precision": 0.8761626173630164, "recall": 0.8759811616954474, "f1-score": 0.8760178905150385, "support": 1274}}