{
    "AF": {
        "f1-score": 0.9621036349574632,
        "precision": 0.9920255183413078,
        "recall": 0.933933933933934,
        "support": 666
    },
    "N": {
        "f1-score": 0.9609561752988048,
        "precision": 0.9319938176197836,
        "recall": 0.9917763157894737,
        "support": 608
    },
    "accuracy": 0.9615384615384616,
    "macro avg": {
        "f1-score": 0.9615299051281341,
        "precision": 0.9620096679805457,
        "recall": 0.9628551248617039,
        "support": 1274
    },
    "weighted avg": {
        "f1-score": 0.9615560246965023,
        "precision": 0.9633761666625899,
        "recall": 0.9615384615384616,
        "support": 1274
    }
}