{"AF": {"precision": 0.9852941176470589, "recall": 0.9054054054054054, "f1-score": 0.943661971830986, "support": 666}, "N": {"precision": 0.904833836858006, "recall": 0.9851973684210527, "f1-score": 0.9433070866141733, "support": 608}, "accuracy": 0.9434850863422292, "macro avg": {"precision": 0.9450639772525324, "recall": 0.945301386913229, "f1-score": 0.9434845292225796, "support": 1274}, "weighted avg": {"precision": 0.9468954907084842, "recall": 0.9434850863422292, "f1-score": 0.9434926074574993, "support": 1274}}