{"AF": {"precision": 0.9818456883509834, "recall": 0.9744744744744744, "f1-score": 0.9781461944235117, "support": 666}, "N": {"precision": 0.9722675367047309, "recall": 0.9802631578947368, "f1-score": 0.9762489762489763, "support": 608}, "accuracy": 0.9772370486656201, "macro avg": {"precision": 0.9770566125278571, "recall": 0.9773688161846057, "f1-score": 0.977197585336244, "support": 1274}, "weighted avg": {"precision": 0.9772746395276543, "recall": 0.9772370486656201, "f1-score": 0.9772407716212217, "support": 1274}}