val_loss,val_acc,loss,acc
0.017193058532837313,0.9937777777777778,0.04376941114252287,0.9855490196078431
