{"AF": {"precision": 0.0, "recall": 0.0, "f1-score": 0.0, "support": 0}, "N": {"precision": 1.0, "recall": 0.9937777777777778, "f1-score": 0.9968791796700847, "support": 9000}, "accuracy": 0.9937777777777778, "macro avg": {"precision": 0.5, "recall": 0.4968888888888889, "f1-score": 0.49843958983504233, "support": 9000}, "weighted avg": {"precision": 1.0, "recall": 0.9937777777777778, "f1-score": 0.9968791796700848, "support": 9000}}