{"AF": {"precision": 0.9555884529977794, "recall": 0.8897312198483804, "f1-score": 0.9214846538187009, "support": 1451}, "N": {"precision": 0.8898071625344353, "recall": 0.9556213017751479, "f1-score": 0.9215406562054208, "support": 1352}, "accuracy": 0.9215126650017837, "macro avg": {"precision": 0.9226978077661073, "recall": 0.9226762608117642, "f1-score": 0.9215126550120609, "support": 2803}, "weighted avg": {"precision": 0.92385948235688, "recall": 0.9215126650017837, "f1-score": 0.9215116660294913, "support": 2803}}