{"AF": {"precision": 0.9513145082765336, "recall": 0.885766092475068, "f1-score": 0.9173708920187794, "support": 1103}, "N": {"precision": 0.885036496350365, "recall": 0.9509803921568627, "f1-score": 0.9168241965973535, "support": 1020}, "accuracy": 0.917098445595855, "macro avg": {"precision": 0.9181755023134492, "recall": 0.9183732423159654, "f1-score": 0.9170975443080664, "support": 2123}, "weighted avg": {"precision": 0.9194710922780918, "recall": 0.917098445595855, "f1-score": 0.9171082310061301, "support": 2123}}