{"AF": {"precision": 0.9568807339449541, "recall": 0.9456029011786038, "f1-score": 0.9512083903328773, "support": 1103}, "N": {"precision": 0.9419167473378509, "recall": 0.953921568627451, "f1-score": 0.9478811495372625, "support": 1020}, "accuracy": 0.9495996231747527, "macro avg": {"precision": 0.9493987406414025, "recall": 0.9497622349030275, "f1-score": 0.9495447699350699, "support": 2123}, "weighted avg": {"precision": 0.9496912538040001, "recall": 0.9495996231747527, "f1-score": 0.9496098102049794, "support": 2123}}