{"AF": {"precision": 0.9549104385423101, "recall": 0.9274145170965807, "f1-score": 0.9409616555082168, "support": 3334}, "N": {"precision": 0.9319842608206858, "recall": 0.9578278451761987, "f1-score": 0.9447293447293448, "support": 3462}, "accuracy": 0.9429075927015892, "macro avg": {"precision": 0.9434473496814979, "recall": 0.9426211811363897, "f1-score": 0.9428455001187808, "support": 6796}, "weighted avg": {"precision": 0.9432314468895343, "recall": 0.9429075927015892, "f1-score": 0.9428809815946714, "support": 6796}}