{"AF": {"precision": 0.9821951769213433, "recall": 0.9701691896705253, "f1-score": 0.9761451450330384, "support": 4492}, "N": {"precision": 0.9706333552487398, "recall": 0.9824755989352263, "f1-score": 0.9765185756807409, "support": 4508}, "accuracy": 0.9763333333333334, "macro avg": {"precision": 0.9764142660850416, "recall": 0.9763223943028758, "f1-score": 0.9763318603568896, "support": 9000}, "weighted avg": {"precision": 0.9764039889102215, "recall": 0.9763333333333334, "f1-score": 0.976332192295243, "support": 9000}}