val_loss,val_acc,loss,acc
0.02163155402527708,0.9931111111111111,0.058974290971936405,0.9795098039122189
0.021675944898458612,0.9927777777777778,0.02137989706468458,0.9926470588235294
