{"AF": {"precision": 0.9970494779845664, "recall": 0.9883014623172104, "f1-score": 0.9926561970398825, "support": 4445}, "N": {"precision": 0.9886808881149325, "recall": 0.9971459934138309, "f1-score": 0.9928953984041972, "support": 4555}, "accuracy": 0.9927777777777778, "macro avg": {"precision": 0.9928651830497495, "recall": 0.9927237278655207, "f1-score": 0.9927757977220398, "support": 9000}, "weighted avg": {"precision": 0.9928140416672129, "recall": 0.9927777777777778, "f1-score": 0.9927772595081551, "support": 9000}}