{"AF": {"precision": 0.8966565349544073, "recall": 0.8858858858858859, "f1-score": 0.8912386706948642, "support": 666}, "N": {"precision": 0.8766233766233766, "recall": 0.8881578947368421, "f1-score": 0.8823529411764706, "support": 608}, "accuracy": 0.8869701726844584, "macro avg": {"precision": 0.886639955788892, "recall": 0.887021890311364, "f1-score": 0.8867958059356673, "support": 1274}, "weighted avg": {"precision": 0.8870959695970553, "recall": 0.8869701726844584, "f1-score": 0.886998071364265, "support": 1274}}