{"AF": {"precision": 0.9582637729549248, "recall": 0.8618618618618619, "f1-score": 0.9075098814229248, "support": 666}, "N": {"precision": 0.8637037037037038, "recall": 0.9588815789473685, "f1-score": 0.9088074824629774, "support": 608}, "accuracy": 0.9081632653061225, "macro avg": {"precision": 0.9109837383293142, "recall": 0.9103717204046151, "f1-score": 0.908158681942951, "support": 1274}, "weighted avg": {"precision": 0.9131362045838555, "recall": 0.9081632653061225, "f1-score": 0.9081291447136249, "support": 1274}}