val_loss,val_acc,loss,acc
7.98256586340452,0.5047450893908193,8.00742775472236,0.5022318144412262
7.98256586340452,0.5047450893908193,8.025842302782408,0.5020601363643304
7.98256586340452,0.5047450893908193,8.025842316722416,0.5020601363701778
7.98256586340452,0.5047450893908193,8.025842308629727,0.5020601363643304
