{"AF": {"precision": 0.0, "recall": 0.0, "f1-score": 0.0, "support": 2244}, "N": {"precision": 0.5047450893842419, "recall": 1.0, "f1-score": 0.6708712232326195, "support": 2287}, "accuracy": 0.5047450893842419, "macro avg": {"precision": 0.25237254469212095, "recall": 0.5, "f1-score": 0.33543561161630975, "support": 4531}, "weighted avg": {"precision": 0.25476760525750636, "recall": 0.5047450893842419, "f1-score": 0.3386189555358642, "support": 4531}}