{"AF": {"precision": 0.8738207547169812, "recall": 0.872791519434629, "f1-score": 0.873305833824396, "support": 849}, "N": {"precision": 0.8729411764705882, "recall": 0.8739693757361602, "f1-score": 0.8734549735138316, "support": 849}, "accuracy": 0.8733804475853946, "macro avg": {"precision": 0.8733809655937848, "recall": 0.8733804475853946, "f1-score": 0.8733804036691137, "support": 1698}, "weighted avg": {"precision": 0.8733809655937848, "recall": 0.8733804475853946, "f1-score": 0.8733804036691137, "support": 1698}}