{"AF": {"precision": 0.8850432632880099, "recall": 0.8423529411764706, "f1-score": 0.863170584689572, "support": 850}, "N": {"precision": 0.849438202247191, "recall": 0.8904593639575972, "f1-score": 0.8694652098907418, "support": 849}, "accuracy": 0.8663919952913478, "macro avg": {"precision": 0.8672407327676004, "recall": 0.8664061525670339, "f1-score": 0.8663178972901568, "support": 1699}, "weighted avg": {"precision": 0.867251211008048, "recall": 0.8663919952913478, "f1-score": 0.8663160448401273, "support": 1699}}