{"AF": {"precision": 0.8731527093596059, "recall": 0.8351001177856302, "f1-score": 0.8537025888019265, "support": 849}, "N": {"precision": 0.8419864559819413, "recall": 0.8786808009422851, "f1-score": 0.8599423631123918, "support": 849}, "accuracy": 0.8568904593639576, "macro avg": {"precision": 0.8575695826707737, "recall": 0.8568904593639577, "f1-score": 0.8568224759571592, "support": 1698}, "weighted avg": {"precision": 0.8575695826707735, "recall": 0.8568904593639576, "f1-score": 0.8568224759571592, "support": 1698}}