{"AF": {"precision": 0.8646441073512252, "recall": 0.872791519434629, "f1-score": 0.8686987104337631, "support": 849}, "N": {"precision": 0.8715814506539834, "recall": 0.8633686690223793, "f1-score": 0.8674556213017752, "support": 849}, "accuracy": 0.8680800942285041, "macro avg": {"precision": 0.8681127790026043, "recall": 0.8680800942285041, "f1-score": 0.8680771658677692, "support": 1698}, "weighted avg": {"precision": 0.8681127790026042, "recall": 0.8680800942285041, "f1-score": 0.8680771658677692, "support": 1698}}