{"AF": {"precision": 0.8579610538373424, "recall": 0.8822143698468787, "f1-score": 0.8699186991869918, "support": 849}, "N": {"precision": 0.8789346246973365, "recall": 0.8541176470588235, "f1-score": 0.8663484486873508, "support": 850}, "accuracy": 0.8681577398469688, "macro avg": {"precision": 0.8684478392673395, "recall": 0.8681660084528511, "f1-score": 0.8681335739371714, "support": 1699}, "weighted avg": {"precision": 0.8684540115954325, "recall": 0.8681577398469688, "f1-score": 0.868132523245441, "support": 1699}}