{
    "AF": {
        "f1-score": 0.9846698113207546,
        "precision": 0.9858323494687131,
        "recall": 0.983510011778563,
        "support": 849
    },
    "N": {
        "f1-score": 0.9847238542890716,
        "precision": 0.9835680751173709,
        "recall": 0.9858823529411764,
        "support": 850
    },
    "accuracy": 0.9846968805179518,
    "macro avg": {
        "f1-score": 0.984696832804913,
        "precision": 0.9847002122930419,
        "recall": 0.9846961823598697,
        "support": 1699
    },
    "weighted avg": {
        "f1-score": 0.9846968487092593,
        "precision": 0.9846995459380239,
        "recall": 0.9846968805179518,
        "support": 1699
    }
}