{
    "AF": {
        "f1-score": 0.9730363423212192,
        "precision": 0.9684947491248541,
        "recall": 0.9776207302709069,
        "support": 849
    },
    "N": {
        "f1-score": 0.9727810650887575,
        "precision": 0.9774078478002378,
        "recall": 0.9681978798586572,
        "support": 849
    },
    "accuracy": 0.9729093050647821,
    "macro avg": {
        "f1-score": 0.9729087037049884,
        "precision": 0.9729512984625459,
        "recall": 0.9729093050647821,
        "support": 1698
    },
    "weighted avg": {
        "f1-score": 0.9729087037049884,
        "precision": 0.9729512984625459,
        "recall": 0.9729093050647821,
        "support": 1698
    }
}