{
    "AF": {
        "f1-score": 0.9764982373678026,
        "precision": 0.9753521126760564,
        "recall": 0.9776470588235294,
        "support": 850
    },
    "N": {
        "f1-score": 0.9764150943396227,
        "precision": 0.9775678866587958,
        "recall": 0.9752650176678446,
        "support": 849
    },
    "accuracy": 0.9764567392583873,
    "macro avg": {
        "f1-score": 0.9764566658537126,
        "precision": 0.9764599996674261,
        "recall": 0.976456038245687,
        "support": 1699
    },
    "weighted avg": {
        "f1-score": 0.9764566903219376,
        "precision": 0.9764593475856183,
        "recall": 0.9764567392583873,
        "support": 1699
    }
}