{
    "AF": {
        "f1-score": 0.985268120212139,
        "precision": 0.9858490566037735,
        "recall": 0.9846878680800942,
        "support": 849
    },
    "N": {
        "f1-score": 0.9852854620364921,
        "precision": 0.9847058823529412,
        "recall": 0.9858657243816255,
        "support": 849
    },
    "accuracy": 0.9852767962308598,
    "macro avg": {
        "f1-score": 0.9852767911243157,
        "precision": 0.9852774694783574,
        "recall": 0.9852767962308598,
        "support": 1698
    },
    "weighted avg": {
        "f1-score": 0.9852767911243157,
        "precision": 0.9852774694783574,
        "recall": 0.9852767962308598,
        "support": 1698
    }
}