{"AF": {"precision": 0.9833333333333333, "recall": 0.9744744744744744, "f1-score": 0.9788838612368025, "support": 666}, "N": {"precision": 0.9723127035830619, "recall": 0.9819078947368421, "f1-score": 0.9770867430441899, "support": 608}, "accuracy": 0.978021978021978, "macro avg": {"precision": 0.9778230184581975, "recall": 0.9781911846056583, "f1-score": 0.9779853021404962, "support": 1274}, "weighted avg": {"precision": 0.9780738805168773, "recall": 0.978021978021978, "f1-score": 0.9780262098544569, "support": 1274}}