{"rr_interval": {"mean": 80.77922358298007, "median": 0.0, "min": 0.0, "max": 818.0}, "qt_interval": {"mean": 38.547162034856335, "median": 0.0, "min": 0.0, "max": 211.0}}