{
    "AF": {
        "f1-score": 0.8695129284425737,
        "precision": 0.8882063882063882,
        "recall": 0.8515901060070671,
        "support": 849
    },
    "N": {
        "f1-score": 0.8749279538904899,
        "precision": 0.8576271186440678,
        "recall": 0.8929411764705882,
        "support": 850
    },
    "accuracy": 0.872277810476751,
    "macro avg": {
        "f1-score": 0.8722204411665317,
        "precision": 0.872916753425228,
        "recall": 0.8722656412388277,
        "support": 1699
    },
    "weighted avg": {
        "f1-score": 0.8722220347584824,
        "precision": 0.8729077542287706,
        "recall": 0.872277810476751,
        "support": 1699
    }
}