{
    "AF": {
        "f1-score": 0.8651887357699221,
        "precision": 0.8815628815628815,
        "recall": 0.8494117647058823,
        "support": 850
    },
    "N": {
        "f1-score": 0.869866975130133,
        "precision": 0.8545454545454545,
        "recall": 0.8857479387514723,
        "support": 849
    },
    "accuracy": 0.8675691583284285,
    "macro avg": {
        "f1-score": 0.8675278554500275,
        "precision": 0.868054168054168,
        "recall": 0.8675798517286772,
        "support": 1699
    },
    "weighted avg": {
        "f1-score": 0.8675264786874143,
        "precision": 0.8680621190332786,
        "recall": 0.8675691583284285,
        "support": 1699
    }
}