{
    "AF": {
        "f1-score": 0.8566221142162819,
        "precision": 0.8845671267252195,
        "recall": 0.8303886925795053,
        "support": 849
    },
    "N": {
        "f1-score": 0.8651428571428571,
        "precision": 0.8401775804661488,
        "recall": 0.8916372202591284,
        "support": 849
    },
    "accuracy": 0.8610129564193169,
    "macro avg": {
        "f1-score": 0.8608824856795695,
        "precision": 0.8623723535956842,
        "recall": 0.8610129564193169,
        "support": 1698
    },
    "weighted avg": {
        "f1-score": 0.8608824856795696,
        "precision": 0.8623723535956841,
        "recall": 0.8610129564193169,
        "support": 1698
    }
}