{
    "AF": {
        "f1-score": 0.8814770696843359,
        "precision": 0.891566265060241,
        "recall": 0.8716136631330977,
        "support": 849
    },
    "N": {
        "f1-score": 0.8841001747233547,
        "precision": 0.8744239631336406,
        "recall": 0.8939929328621908,
        "support": 849
    },
    "accuracy": 0.8828032979976443,
    "macro avg": {
        "f1-score": 0.8827886222038452,
        "precision": 0.8829951140969408,
        "recall": 0.8828032979976443,
        "support": 1698
    },
    "weighted avg": {
        "f1-score": 0.8827886222038454,
        "precision": 0.8829951140969408,
        "recall": 0.8828032979976443,
        "support": 1698
    }
}