{
    "AF": {
        "f1-score": 0.8596908442330559,
        "precision": 0.8679471788715486,
        "recall": 0.8515901060070671,
        "support": 849
    },
    "N": {
        "f1-score": 0.8623103850641772,
        "precision": 0.8543352601156069,
        "recall": 0.8704358068315665,
        "support": 849
    },
    "accuracy": 0.8610129564193169,
    "macro avg": {
        "f1-score": 0.8610006146486165,
        "precision": 0.8611412194935777,
        "recall": 0.8610129564193167,
        "support": 1698
    },
    "weighted avg": {
        "f1-score": 0.8610006146486167,
        "precision": 0.8611412194935778,
        "recall": 0.8610129564193169,
        "support": 1698
    }
}