{"AF": {"precision": 0.9851351351351352, "recall": 0.971676107964012, "f1-score": 0.9783593356819327, "support": 3001}, "N": {"precision": 0.9720394736842105, "recall": 0.9853284428142715, "f1-score": 0.9786388474913065, "support": 2999}, "accuracy": 0.9785, "macro avg": {"precision": 0.9785873044096729, "recall": 0.9785022753891417, "f1-score": 0.9784990915866196, "support": 6000}, "weighted avg": {"precision": 0.9785894870199148, "recall": 0.9785, "f1-score": 0.978499045001318, "support": 6000}}