{"AF": {"precision": 0.9624796084828712, "recall": 0.8858858858858859, "f1-score": 0.9225957779515246, "support": 666}, "N": {"precision": 0.8850226928895613, "recall": 0.962171052631579, "f1-score": 0.921985815602837, "support": 608}, "accuracy": 0.9222919937205651, "macro avg": {"precision": 0.9237511506862162, "recall": 0.9240284692587324, "f1-score": 0.9222907967771807, "support": 1274}, "weighted avg": {"precision": 0.9255142986863779, "recall": 0.9222919937205651, "f1-score": 0.9223046813204397, "support": 1274}}