{"AF": {"precision": 0.8315649867374005, "recall": 0.9414414414414415, "f1-score": 0.8830985915492957, "support": 666}, "N": {"precision": 0.925, "recall": 0.7911184210526315, "f1-score": 0.852836879432624, "support": 608}, "accuracy": 0.869701726844584, "macro avg": {"precision": 0.8782824933687003, "recall": 0.8662799312470365, "f1-score": 0.8679677354909598, "support": 1274}, "weighted avg": {"precision": 0.8761556367088764, "recall": 0.869701726844584, "f1-score": 0.8686565813711666, "support": 1274}}