{
    "AF": {
        "f1-score": 0.9764705882352941,
        "precision": 0.9764705882352941,
        "recall": 0.9764705882352941,
        "support": 850
    },
    "N": {
        "f1-score": 0.9764428739693758,
        "precision": 0.9764428739693758,
        "recall": 0.9764428739693758,
        "support": 849
    },
    "accuracy": 0.9764567392583873,
    "macro avg": {
        "f1-score": 0.9764567311023349,
        "precision": 0.9764567311023349,
        "recall": 0.9764567311023349,
        "support": 1699
    },
    "weighted avg": {
        "f1-score": 0.9764567392583873,
        "precision": 0.9764567392583873,
        "recall": 0.9764567392583873,
        "support": 1699
    }
}