{
    "AF": {
        "f1-score": 0.9747207524985303,
        "precision": 0.9730046948356808,
        "recall": 0.9764428739693758,
        "support": 849
    },
    "N": {
        "f1-score": 0.9746312684365782,
        "precision": 0.9763593380614657,
        "recall": 0.9729093050647821,
        "support": 849
    },
    "accuracy": 0.974676089517079,
    "macro avg": {
        "f1-score": 0.9746760104675543,
        "precision": 0.9746820164485732,
        "recall": 0.974676089517079,
        "support": 1698
    },
    "weighted avg": {
        "f1-score": 0.9746760104675541,
        "precision": 0.9746820164485733,
        "recall": 0.974676089517079,
        "support": 1698
    }
}