{
    "AF": {
        "f1-score": 0.9755807027992852,
        "precision": 0.9867469879518073,
        "recall": 0.9646643109540636,
        "support": 849
    },
    "N": {
        "f1-score": 0.9761211415259172,
        "precision": 0.9654377880184332,
        "recall": 0.9870435806831567,
        "support": 849
    },
    "accuracy": 0.9758539458186102,
    "macro avg": {
        "f1-score": 0.9758509221626013,
        "precision": 0.9760923879851202,
        "recall": 0.9758539458186102,
        "support": 1698
    },
    "weighted avg": {
        "f1-score": 0.9758509221626012,
        "precision": 0.9760923879851201,
        "recall": 0.9758539458186102,
        "support": 1698
    }
}