{
    "AF": {
        "f1-score": 0.983510011778563,
        "precision": 0.983510011778563,
        "recall": 0.983510011778563,
        "support": 849
    },
    "N": {
        "f1-score": 0.9835294117647058,
        "precision": 0.9835294117647059,
        "recall": 0.9835294117647059,
        "support": 850
    },
    "accuracy": 0.9835197174808711,
    "macro avg": {
        "f1-score": 0.9835197117716343,
        "precision": 0.9835197117716344,
        "recall": 0.9835197117716344,
        "support": 1699
    },
    "weighted avg": {
        "f1-score": 0.9835197174808711,
        "precision": 0.9835197174808711,
        "recall": 0.9835197174808711,
        "support": 1699
    }
}