{
    "AF": {
        "f1-score": 0.97242206235012,
        "precision": 0.9902319902319903,
        "recall": 0.9552414605418139,
        "support": 849
    },
    "N": {
        "f1-score": 0.9733796296296297,
        "precision": 0.9567690557451649,
        "recall": 0.9905771495877503,
        "support": 849
    },
    "accuracy": 0.9729093050647821,
    "macro avg": {
        "f1-score": 0.9729008459898748,
        "precision": 0.9735005229885776,
        "recall": 0.9729093050647821,
        "support": 1698
    },
    "weighted avg": {
        "f1-score": 0.9729008459898748,
        "precision": 0.9735005229885775,
        "recall": 0.9729093050647821,
        "support": 1698
    }
}