{"AF": {"precision": 0.9060955518945635, "recall": 0.8258258258258259, "f1-score": 0.864100549882168, "support": 666}, "N": {"precision": 0.8260869565217391, "recall": 0.90625, "f1-score": 0.864313725490196, "support": 608}, "accuracy": 0.8642072213500785, "macro avg": {"precision": 0.8660912542081514, "recall": 0.866037912912913, "f1-score": 0.864207137686182, "support": 1274}, "weighted avg": {"precision": 0.8679124859709549, "recall": 0.8642072213500785, "f1-score": 0.8642022851801908, "support": 1274}}