val_loss,val_acc,loss,acc
0.2086989746915525,0.9312293923692887,0.2813358397849932,0.8872664468519391
0.39769806067476393,0.8068770609034495,0.18148936976778543,0.9362537289998429
0.1571915741453629,0.9463024022609515,0.17754395557972527,0.9384518762757105
0.1705131721290226,0.9481865284974094,0.15429449036967757,0.9483435390171141
0.1108233888918254,0.9646726330664155,0.13067659489549596,0.9565080860417648
0.14206884277776566,0.9566650965614696,0.1278018538890856,0.9587062333176323
0.1380107652148547,0.9543099387658973,0.18619464334316316,0.9346836238027948
0.1573181526855624,0.9491285916156382,0.15504443762225284,0.9464594127806563
