{"AF": {"precision": 0.9844206426484907, "recall": 0.9165911151405258, "f1-score": 0.9492957746478874, "support": 1103}, "N": {"precision": 0.916058394160584, "recall": 0.984313725490196, "f1-score": 0.948960302457467, "support": 1020}, "accuracy": 0.9491285916156382, "macro avg": {"precision": 0.9502395184045374, "recall": 0.9504524203153609, "f1-score": 0.9491280385526772, "support": 2123}, "weighted avg": {"precision": 0.9515758506288652, "recall": 0.9491285916156382, "f1-score": 0.9491345962992164, "support": 2123}}