{"AF": {"precision": 0.862012987012987, "recall": 0.7972972972972973, "f1-score": 0.828393135725429, "support": 666}, "N": {"precision": 0.7948328267477204, "recall": 0.8601973684210527, "f1-score": 0.8262243285939969, "support": 608}, "accuracy": 0.8273155416012559, "macro avg": {"precision": 0.8284229068803537, "recall": 0.828747332859175, "f1-score": 0.827308732159713, "support": 1274}, "weighted avg": {"precision": 0.8299521255991078, "recall": 0.8273155416012559, "f1-score": 0.8273581006108993, "support": 1274}}