val_loss,val_acc,loss,acc
0.23227286487247678,0.905532666274279,0.2314109663620292,0.9053987379093785
0.25362203127072536,0.8996468510888758,0.1434922858462461,0.944818094482257
0.22701606512718722,0.9150971159505592,0.10832163421814665,0.958840790445993
0.24604444319079177,0.9118599175985874,0.08202803669977048,0.9688124853636166
0.2651725651478705,0.8994997057092408,0.06797656093226427,0.9738243007833886
0.2693627926413016,0.9124484991171278,0.05531474061836741,0.9791736996252178
