{"AF": {"precision": 0.9667877529839128, "recall": 0.8886238969711424, "f1-score": 0.9260594010190133, "support": 4193}, "N": {"precision": 0.8412644459551326, "recall": 0.9508259700345755, "f1-score": 0.8926961226330028, "support": 2603}, "accuracy": 0.9124484991171278, "macro avg": {"precision": 0.9040260994695227, "recall": 0.919724933502859, "f1-score": 0.909377761826008, "support": 6796}, "weighted avg": {"precision": 0.9187098883288342, "recall": 0.9124484991171278, "f1-score": 0.9132806173758724, "support": 6796}}