{
    "AF": {
        "f1-score": 0.9643483343074226,
        "precision": 0.9581881533101045,
        "recall": 0.9705882352941176,
        "support": 850
    },
    "N": {
        "f1-score": 0.963841138114997,
        "precision": 0.9701670644391408,
        "recall": 0.9575971731448764,
        "support": 849
    },
    "accuracy": 0.9640965273690406,
    "macro avg": {
        "f1-score": 0.9640947362112098,
        "precision": 0.9641776088746227,
        "recall": 0.964092704219497,
        "support": 1699
    },
    "weighted avg": {
        "f1-score": 0.9640948854743625,
        "precision": 0.9641740835917714,
        "recall": 0.9640965273690406,
        "support": 1699
    }
}