{
    "AF": {
        "f1-score": 0.9675516224188789,
        "precision": 0.9692671394799054,
        "recall": 0.9658421672555948,
        "support": 849
    },
    "N": {
        "f1-score": 0.9676660787771899,
        "precision": 0.965962441314554,
        "recall": 0.9693757361601885,
        "support": 849
    },
    "accuracy": 0.9676089517078916,
    "macro avg": {
        "f1-score": 0.9676088505980345,
        "precision": 0.9676147903972296,
        "recall": 0.9676089517078916,
        "support": 1698
    },
    "weighted avg": {
        "f1-score": 0.9676088505980344,
        "precision": 0.9676147903972298,
        "recall": 0.9676089517078916,
        "support": 1698
    }
}