{
    "AF": {
        "f1-score": 0.9704142011834319,
        "precision": 0.9750297265160524,
        "recall": 0.9658421672555948,
        "support": 849
    },
    "N": {
        "f1-score": 0.9706916764361079,
        "precision": 0.9661610268378062,
        "recall": 0.9752650176678446,
        "support": 849
    },
    "accuracy": 0.9705535924617197,
    "macro avg": {
        "f1-score": 0.9705529388097699,
        "precision": 0.9705953766769293,
        "recall": 0.9705535924617197,
        "support": 1698
    },
    "weighted avg": {
        "f1-score": 0.9705529388097699,
        "precision": 0.9705953766769294,
        "recall": 0.9705535924617197,
        "support": 1698
    }
}