{
    "AF": {
        "f1-score": 0.9617224880382774,
        "precision": 0.976913730255164,
        "recall": 0.9469964664310954,
        "support": 849
    },
    "N": {
        "f1-score": 0.9628770301624129,
        "precision": 0.9485714285714286,
        "recall": 0.9776207302709069,
        "support": 849
    },
    "accuracy": 0.9623085983510011,
    "macro avg": {
        "f1-score": 0.9622997591003452,
        "precision": 0.9627425794132963,
        "recall": 0.9623085983510011,
        "support": 1698
    },
    "weighted avg": {
        "f1-score": 0.962299759100345,
        "precision": 0.9627425794132964,
        "recall": 0.9623085983510011,
        "support": 1698
    }
}