{
    "AF": {
        "f1-score": 0.9633569739952719,
        "precision": 0.966785290628707,
        "recall": 0.9599528857479388,
        "support": 849
    },
    "N": {
        "f1-score": 0.9636576787807738,
        "precision": 0.9602803738317757,
        "recall": 0.9670588235294117,
        "support": 850
    },
    "accuracy": 0.9635079458505003,
    "macro avg": {
        "f1-score": 0.9635073263880228,
        "precision": 0.9635328322302413,
        "recall": 0.9635058546386752,
        "support": 1699
    },
    "weighted avg": {
        "f1-score": 0.9635074148826624,
        "precision": 0.9635309178933381,
        "recall": 0.9635079458505003,
        "support": 1699
    }
}