{"AF": {"precision": 0.9515172063061536, "recall": 0.8999518999519, "f1-score": 0.9250164798945287, "support": 6237}, "N": {"precision": 0.9080459770114943, "recall": 0.9556451612903226, "f1-score": 0.9312377210216111, "support": 6448}, "accuracy": 0.9282617264485613, "macro avg": {"precision": 0.9297815916588239, "recall": 0.9277985306211113, "f1-score": 0.9281271004580699, "support": 12685}, "weighted avg": {"precision": 0.9294200453686713, "recall": 0.9282617264485613, "f1-score": 0.9281788419589693, "support": 12685}}