val_loss,val_acc,loss,acc
0.14716005320019193,0.9442222223281861,0.2021656627701778,0.9197647059010524
0.1554167402187983,0.9419999999470181,0.1055437432515855,0.9613921568907944
0.10391708809137344,0.9616666666666667,0.06796569016225197,0.9754509804015066
0.12428437248534627,0.9595555555555556,0.048891887615124384,0.9824117647152321
0.09918003762265046,0.9664444444444444,0.03696513215467041,0.9862549019701341
0.08468282692962223,0.9735555555025737,0.03329294399537292,0.9880000000093497
0.10557566873346352,0.9734444444444444,0.023980114279862713,0.9916666666666667
0.09057146139732665,0.98,0.021762955023267982,0.9919607843137255
0.0864183056164119,0.9764444444444444,0.020461795642533722,0.9933725490383073
