{"AF": {"precision": 0.9654197477163984, "recall": 0.9882012466607302, "f1-score": 0.9766776677667767, "support": 4492}, "N": {"precision": 0.9879600181735575, "recall": 0.9647293700088732, "f1-score": 0.976206509539843, "support": 4508}, "accuracy": 0.9764444444444444, "macro avg": {"precision": 0.9766898829449779, "recall": 0.9764653083348016, "f1-score": 0.9764420886533098, "support": 9000}, "weighted avg": {"precision": 0.9767099187409399, "recall": 0.9764444444444444, "f1-score": 0.976441669845997, "support": 9000}}