{"AF": {"precision": 0.9637850467289719, "recall": 0.9705882352941176, "f1-score": 0.9671746776084408, "support": 850}, "N": {"precision": 0.970344009489917, "recall": 0.9634864546525324, "f1-score": 0.9669030732860521, "support": 849}, "accuracy": 0.9670394349617422, "macro avg": {"precision": 0.9670645281094444, "recall": 0.9670373449733249, "f1-score": 0.9670388754472464, "support": 1699}, "weighted avg": {"precision": 0.9670625978673134, "recall": 0.9670394349617422, "f1-score": 0.9670389553778885, "support": 1699}}