{"AF": {"precision": 0.9585798816568047, "recall": 0.9540636042402827, "f1-score": 0.9563164108618654, "support": 849}, "N": {"precision": 0.9542790152403282, "recall": 0.9587750294464076, "f1-score": 0.9565217391304348, "support": 849}, "accuracy": 0.9564193168433451, "macro avg": {"precision": 0.9564294484485665, "recall": 0.9564193168433451, "f1-score": 0.9564190749961501, "support": 1698}, "weighted avg": {"precision": 0.9564294484485665, "recall": 0.9564193168433451, "f1-score": 0.9564190749961502, "support": 1698}}