{"AF": {"precision": 0.9627851140456183, "recall": 0.944640753828033, "f1-score": 0.9536266349583828, "support": 849}, "N": {"precision": 0.945664739884393, "recall": 0.9634864546525324, "f1-score": 0.954492415402567, "support": 849}, "accuracy": 0.9540636042402827, "macro avg": {"precision": 0.9542249269650056, "recall": 0.9540636042402827, "f1-score": 0.9540595251804749, "support": 1698}, "weighted avg": {"precision": 0.9542249269650057, "recall": 0.9540636042402827, "f1-score": 0.9540595251804749, "support": 1698}}