{"AF": {"precision": 0.9706227967097533, "recall": 0.9729093050647821, "f1-score": 0.971764705882353, "support": 849}, "N": {"precision": 0.972877358490566, "recall": 0.9705882352941176, "f1-score": 0.9717314487632509, "support": 850}, "accuracy": 0.9717480871100648, "macro avg": {"precision": 0.9717500776001596, "recall": 0.9717487701794498, "f1-score": 0.971748077322802, "support": 1699}, "weighted avg": {"precision": 0.9717507410968579, "recall": 0.9717480871100648, "f1-score": 0.9717480675355392, "support": 1699}}