{"AF": {"precision": 0.9757575757575757, "recall": 0.9481743227326266, "f1-score": 0.961768219832736, "support": 849}, "N": {"precision": 0.9495990836197021, "recall": 0.9764428739693758, "f1-score": 0.9628339140534263, "support": 849}, "accuracy": 0.9623085983510011, "macro avg": {"precision": 0.962678329688639, "recall": 0.9623085983510011, "f1-score": 0.9623010669430812, "support": 1698}, "weighted avg": {"precision": 0.962678329688639, "recall": 0.9623085983510011, "f1-score": 0.9623010669430812, "support": 1698}}