{
    "AF": {
        "f1-score": 0.8937644341801385,
        "precision": 0.8765571913929785,
        "recall": 0.911660777385159,
        "support": 849
    },
    "N": {
        "f1-score": 0.8894230769230769,
        "precision": 0.9079754601226994,
        "recall": 0.8716136631330977,
        "support": 849
    },
    "accuracy": 0.8916372202591284,
    "macro avg": {
        "f1-score": 0.8915937555516077,
        "precision": 0.8922663257578389,
        "recall": 0.8916372202591284,
        "support": 1698
    },
    "weighted avg": {
        "f1-score": 0.8915937555516077,
        "precision": 0.8922663257578389,
        "recall": 0.8916372202591284,
        "support": 1698
    }
}