{
    "AF": {
        "f1-score": 0.9090909090909091,
        "precision": 0.9183673469387755,
        "recall": 0.9,
        "support": 850
    },
    "N": {
        "f1-score": 0.9107871720116618,
        "precision": 0.9018475750577367,
        "recall": 0.9199057714958775,
        "support": 849
    },
    "accuracy": 0.9099470276633314,
    "macro avg": {
        "f1-score": 0.9099390405512855,
        "precision": 0.9101074609982561,
        "recall": 0.9099528857479388,
        "support": 1699
    },
    "weighted avg": {
        "f1-score": 0.9099385413567826,
        "precision": 0.910112322614466,
        "recall": 0.9099470276633314,
        "support": 1699
    }
}