{
    "AF": {
        "f1-score": 0.8838630806845965,
        "precision": 0.9186785260482846,
        "recall": 0.8515901060070671,
        "support": 849
    },
    "N": {
        "f1-score": 0.8920454545454547,
        "precision": 0.8616904500548848,
        "recall": 0.9246171967020024,
        "support": 849
    },
    "accuracy": 0.8881036513545347,
    "macro avg": {
        "f1-score": 0.8879542676150256,
        "precision": 0.8901844880515847,
        "recall": 0.8881036513545347,
        "support": 1698
    },
    "weighted avg": {
        "f1-score": 0.8879542676150256,
        "precision": 0.8901844880515846,
        "recall": 0.8881036513545347,
        "support": 1698
    }
}