{
    "AF": {
        "f1-score": 0.8953282081608516,
        "precision": 0.8990498812351544,
        "recall": 0.8916372202591284,
        "support": 849
    },
    "N": {
        "f1-score": 0.8963093145869947,
        "precision": 0.8926487747957993,
        "recall": 0.9,
        "support": 850
    },
    "accuracy": 0.8958210712183637,
    "macro avg": {
        "f1-score": 0.8958187613739231,
        "precision": 0.8958493280154769,
        "recall": 0.8958186101295642,
        "support": 1699
    },
    "weighted avg": {
        "f1-score": 0.8958190501044782,
        "precision": 0.8958474442290026,
        "recall": 0.8958210712183637,
        "support": 1699
    }
}