{
    "AF": {
        "f1-score": 0.9000620732464307,
        "precision": 0.9514435695538058,
        "recall": 0.8539458186101295,
        "support": 849
    },
    "N": {
        "f1-score": 0.9098039215686274,
        "precision": 0.8675213675213675,
        "recall": 0.9564193168433451,
        "support": 849
    },
    "accuracy": 0.9051825677267373,
    "macro avg": {
        "f1-score": 0.9049329974075291,
        "precision": 0.9094824685375866,
        "recall": 0.9051825677267373,
        "support": 1698
    },
    "weighted avg": {
        "f1-score": 0.9049329974075291,
        "precision": 0.9094824685375866,
        "recall": 0.9051825677267373,
        "support": 1698
    }
}