{
    "AF": {
        "f1-score": 0.9705535924617197,
        "precision": 0.9705535924617197,
        "recall": 0.9705535924617197,
        "support": 849
    },
    "N": {
        "f1-score": 0.9705535924617197,
        "precision": 0.9705535924617197,
        "recall": 0.9705535924617197,
        "support": 849
    },
    "accuracy": 0.9705535924617197,
    "macro avg": {
        "f1-score": 0.9705535924617197,
        "precision": 0.9705535924617197,
        "recall": 0.9705535924617197,
        "support": 1698
    },
    "weighted avg": {
        "f1-score": 0.9705535924617197,
        "precision": 0.9705535924617197,
        "recall": 0.9705535924617197,
        "support": 1698
    }
}