{
    "AF": {
        "f1-score": 0.9770992366412213,
        "precision": 0.9742388758782201,
        "recall": 0.9799764428739693,
        "support": 849
    },
    "N": {
        "f1-score": 0.976991150442478,
        "precision": 0.9798816568047337,
        "recall": 0.9741176470588235,
        "support": 850
    },
    "accuracy": 0.9770453207769276,
    "macro avg": {
        "f1-score": 0.9770451935418496,
        "precision": 0.9770602663414769,
        "recall": 0.9770470449663964,
        "support": 1699
    },
    "weighted avg": {
        "f1-score": 0.9770451617330802,
        "precision": 0.9770619269597602,
        "recall": 0.9770453207769276,
        "support": 1699
    }
}