{
    "AF": {
        "f1-score": 0.9732302201070792,
        "precision": 0.9831730769230769,
        "recall": 0.9634864546525324,
        "support": 849
    },
    "N": {
        "f1-score": 0.9737609329446064,
        "precision": 0.964203233256351,
        "recall": 0.983510011778563,
        "support": 849
    },
    "accuracy": 0.9734982332155477,
    "macro avg": {
        "f1-score": 0.9734955765258428,
        "precision": 0.973688155089714,
        "recall": 0.9734982332155477,
        "support": 1698
    },
    "weighted avg": {
        "f1-score": 0.9734955765258427,
        "precision": 0.9736881550897138,
        "recall": 0.9734982332155477,
        "support": 1698
    }
}