{
    "AF": {
        "f1-score": 0.9636150234741784,
        "precision": 0.9613583138173302,
        "recall": 0.9658823529411765,
        "support": 850
    },
    "N": {
        "f1-score": 0.9634002361275089,
        "precision": 0.9656804733727811,
        "recall": 0.9611307420494699,
        "support": 849
    },
    "accuracy": 0.9635079458505003,
    "macro avg": {
        "f1-score": 0.9635076298008436,
        "precision": 0.9635193935950557,
        "recall": 0.9635065474953233,
        "support": 1699
    },
    "weighted avg": {
        "f1-score": 0.963507693010775,
        "precision": 0.9635181216234383,
        "recall": 0.9635079458505003,
        "support": 1699
    }
}