{
    "AF": {
        "f1-score": 0.9769094138543518,
        "precision": 0.9821428571428571,
        "recall": 0.9717314487632509,
        "support": 849
    },
    "N": {
        "f1-score": 0.977152899824253,
        "precision": 0.972027972027972,
        "recall": 0.9823321554770318,
        "support": 849
    },
    "accuracy": 0.9770318021201413,
    "macro avg": {
        "f1-score": 0.9770311568393024,
        "precision": 0.9770854145854145,
        "recall": 0.9770318021201414,
        "support": 1698
    },
    "weighted avg": {
        "f1-score": 0.9770311568393024,
        "precision": 0.9770854145854145,
        "recall": 0.9770318021201413,
        "support": 1698
    }
}