{"AF": {"precision": 0.9170403587443946, "recall": 0.8456237077877325, "f1-score": 0.8798852635353174, "support": 1451}, "N": {"precision": 0.847098976109215, "recall": 0.9178994082840237, "f1-score": 0.8810791622293219, "support": 1352}, "accuracy": 0.8804851944345344, "macro avg": {"precision": 0.8820696674268048, "recall": 0.8817615580358782, "f1-score": 0.8804822128823196, "support": 2803}, "weighted avg": {"precision": 0.8833048077908581, "recall": 0.8804851944345344, "f1-score": 0.8804611290488009, "support": 2803}}