{"AF": {"precision": 0.9526226734348562, "recall": 0.8453453453453453, "f1-score": 0.8957836117740653, "support": 666}, "N": {"precision": 0.849194729136164, "recall": 0.9539473684210527, "f1-score": 0.8985282726568551, "support": 608}, "accuracy": 0.8971742543171115, "macro avg": {"precision": 0.9009087012855101, "recall": 0.8996463568831989, "f1-score": 0.8971559422154602, "support": 1274}, "weighted avg": {"precision": 0.9032630265481961, "recall": 0.8971742543171115, "f1-score": 0.8970934656333558, "support": 1274}}