{"AF": {"precision": 0.8597122302158273, "recall": 0.8445229681978799, "f1-score": 0.8520499108734403, "support": 849}, "N": {"precision": 0.8472222222222222, "recall": 0.8621908127208481, "f1-score": 0.8546409807355517, "support": 849}, "accuracy": 0.8533568904593639, "macro avg": {"precision": 0.8534672262190248, "recall": 0.853356890459364, "f1-score": 0.853345445804496, "support": 1698}, "weighted avg": {"precision": 0.8534672262190248, "recall": 0.8533568904593639, "f1-score": 0.853345445804496, "support": 1698}}