{"AF": {"precision": 0.8858560794044665, "recall": 0.8409893992932862, "f1-score": 0.8628398791540786, "support": 849}, "N": {"precision": 0.8488241881298992, "recall": 0.8917647058823529, "f1-score": 0.8697647733792313, "support": 850}, "accuracy": 0.8663919952913478, "macro avg": {"precision": 0.8673401337671829, "recall": 0.8663770525878196, "f1-score": 0.8663023262666549, "support": 1699}, "weighted avg": {"precision": 0.8673292356237825, "recall": 0.8663919952913478, "f1-score": 0.8663043641990342, "support": 1699}}