{"AF": {"precision": 0.9065300896286812, "recall": 0.833922261484099, "f1-score": 0.868711656441718, "support": 849}, "N": {"precision": 0.8462377317339149, "recall": 0.9140164899882215, "f1-score": 0.8788221970554926, "support": 849}, "accuracy": 0.8739693757361602, "macro avg": {"precision": 0.8763839106812981, "recall": 0.8739693757361602, "f1-score": 0.8737669267486052, "support": 1698}, "weighted avg": {"precision": 0.8763839106812981, "recall": 0.8739693757361602, "f1-score": 0.8737669267486053, "support": 1698}}