{"AF": {"precision": 0.8870967741935484, "recall": 0.8411764705882353, "f1-score": 0.8635265700483092, "support": 850}, "N": {"precision": 0.8488241881298992, "recall": 0.8928150765606596, "f1-score": 0.8702640642939149, "support": 849}, "accuracy": 0.8669805768098882, "macro avg": {"precision": 0.8679604811617239, "recall": 0.8669957735744475, "f1-score": 0.866895317171112, "support": 1699}, "weighted avg": {"precision": 0.8679717444301357, "recall": 0.8669805768098882, "f1-score": 0.866893334388815, "support": 1699}}