{"AF": {"precision": 0.8612099644128114, "recall": 0.8551236749116607, "f1-score": 0.8581560283687943, "support": 849}, "N": {"precision": 0.856140350877193, "recall": 0.8621908127208481, "f1-score": 0.8591549295774649, "support": 849}, "accuracy": 0.8586572438162544, "macro avg": {"precision": 0.8586751576450022, "recall": 0.8586572438162544, "f1-score": 0.8586554789731295, "support": 1698}, "weighted avg": {"precision": 0.8586751576450022, "recall": 0.8586572438162544, "f1-score": 0.8586554789731298, "support": 1698}}