val_loss,val_acc,loss,acc
0.2158407653479663,0.9111241907354942,0.24013084090975068,0.903009685970027
0.18146180990357622,0.9306945262269598,0.15335776136666224,0.9398322470288625
0.15324110971361382,0.9412889935256032,0.11917465359549882,0.9526344491006579
0.1634427027899077,0.937021777516186,0.09463140133262089,0.9641382533659018
0.14671025263598345,0.9474690994702767,0.07565499522466587,0.9709678257835685
0.1595968166305922,0.9429075927366714,0.06222717726885191,0.9761354487972947
0.16981990620485118,0.9429075927366714,0.05137179476299701,0.9806538731608123
0.17745814592154885,0.9486462625424394,0.041744418782864404,0.9850164896517697
