{"AF": {"precision": 0.9483328326824872, "recall": 0.9469106178764247, "f1-score": 0.9476211916554105, "support": 3334}, "N": {"precision": 0.9489472166137871, "recall": 0.9503177354130561, "f1-score": 0.949631981526916, "support": 3462}, "accuracy": 0.9486462625073573, "macro avg": {"precision": 0.9486400246481372, "recall": 0.9486141766447405, "f1-score": 0.9486265865911632, "support": 6796}, "weighted avg": {"precision": 0.9486458104885732, "recall": 0.9486462625073573, "f1-score": 0.9486455228112597, "support": 6796}}