{"AF": {"precision": 0.9363057324840764, "recall": 0.8657243816254417, "f1-score": 0.8996328029375766, "support": 849}, "N": {"precision": 0.87527352297593, "recall": 0.9411764705882353, "f1-score": 0.9070294784580499, "support": 850}, "accuracy": 0.9034726309593879, "macro avg": {"precision": 0.9057896277300033, "recall": 0.9034504261068386, "f1-score": 0.9033311406978133, "support": 1699}, "weighted avg": {"precision": 0.9057716665147272, "recall": 0.9034726309593879, "f1-score": 0.9033333174710683, "support": 1699}}