{"AF": {"precision": 0.8704128440366973, "recall": 0.8939929328621908, "f1-score": 0.8820453224869261, "support": 849}, "N": {"precision": 0.8910411622276029, "recall": 0.866902237926973, "f1-score": 0.8788059701492538, "support": 849}, "accuracy": 0.8804475853945819, "macro avg": {"precision": 0.8807270031321501, "recall": 0.8804475853945819, "f1-score": 0.88042564631809, "support": 1698}, "weighted avg": {"precision": 0.8807270031321501, "recall": 0.8804475853945819, "f1-score": 0.88042564631809, "support": 1698}}