{"AF": {"precision": 0.9282178217821783, "recall": 0.8823529411764706, "f1-score": 0.9047044632086851, "support": 850}, "N": {"precision": 0.8877665544332211, "recall": 0.9316843345111896, "f1-score": 0.9091954022988505, "support": 849}, "accuracy": 0.9070041200706298, "macro avg": {"precision": 0.9079921881076997, "recall": 0.9070186378438301, "f1-score": 0.9069499327537678, "support": 1699}, "weighted avg": {"precision": 0.9080040925418812, "recall": 0.9070041200706298, "f1-score": 0.9069486111118932, "support": 1699}}