{"AF": {"precision": 0.926261319534282, "recall": 0.8433451118963486, "f1-score": 0.8828606658446362, "support": 849}, "N": {"precision": 0.8562162162162162, "recall": 0.9328621908127208, "f1-score": 0.8928974069898534, "support": 849}, "accuracy": 0.8881036513545347, "macro avg": {"precision": 0.8912387678752491, "recall": 0.8881036513545347, "f1-score": 0.8878790364172449, "support": 1698}, "weighted avg": {"precision": 0.8912387678752492, "recall": 0.8881036513545347, "f1-score": 0.8878790364172449, "support": 1698}}