{"AF": {"precision": 0.937984496124031, "recall": 0.8551236749116607, "f1-score": 0.8946395563770795, "support": 849}, "N": {"precision": 0.8668831168831169, "recall": 0.9434628975265018, "f1-score": 0.9035532994923857, "support": 849}, "accuracy": 0.8992932862190812, "macro avg": {"precision": 0.902433806503574, "recall": 0.8992932862190812, "f1-score": 0.8990964279347327, "support": 1698}, "weighted avg": {"precision": 0.902433806503574, "recall": 0.8992932862190812, "f1-score": 0.8990964279347325, "support": 1698}}