{"AF": {"precision": 0.8398617511520737, "recall": 0.8586572438162544, "f1-score": 0.8491555037856727, "support": 849}, "N": {"precision": 0.8554216867469879, "recall": 0.8362779740871613, "f1-score": 0.8457415128052412, "support": 849}, "accuracy": 0.8474676089517079, "macro avg": {"precision": 0.8476417189495309, "recall": 0.8474676089517079, "f1-score": 0.847448508295457, "support": 1698}, "weighted avg": {"precision": 0.8476417189495308, "recall": 0.8474676089517079, "f1-score": 0.8474485082954569, "support": 1698}}