{"AF": {"precision": 0.893167701863354, "recall": 0.8458823529411764, "f1-score": 0.8688821752265862, "support": 850}, "N": {"precision": 0.8534675615212528, "recall": 0.8987043580683156, "f1-score": 0.8755020080321285, "support": 849}, "accuracy": 0.872277810476751, "macro avg": {"precision": 0.8733176316923035, "recall": 0.8722933555047461, "f1-score": 0.8721920916293573, "support": 1699}, "weighted avg": {"precision": 0.8733293150767478, "recall": 0.872277810476751, "f1-score": 0.8721901434737348, "support": 1699}}