{"AF": {"precision": 0.8960709759188846, "recall": 0.8327444051825678, "f1-score": 0.8632478632478633, "support": 849}, "N": {"precision": 0.843956043956044, "recall": 0.9035294117647059, "f1-score": 0.8727272727272728, "support": 850}, "accuracy": 0.8681577398469688, "macro avg": {"precision": 0.8700135099374643, "recall": 0.8681369084736368, "f1-score": 0.867987567987568, "support": 1699}, "weighted avg": {"precision": 0.8699981729945677, "recall": 0.8681577398469688, "f1-score": 0.8679903576901812, "support": 1699}}