{"AF": {"precision": 0.8938271604938272, "recall": 0.8527679623085983, "f1-score": 0.8728149487643159, "support": 849}, "N": {"precision": 0.8592342342342343, "recall": 0.8987043580683156, "f1-score": 0.8785261945883708, "support": 849}, "accuracy": 0.875736160188457, "macro avg": {"precision": 0.8765306973640308, "recall": 0.875736160188457, "f1-score": 0.8756705716763433, "support": 1698}, "weighted avg": {"precision": 0.8765306973640307, "recall": 0.875736160188457, "f1-score": 0.8756705716763432, "support": 1698}}