{"AF": {"precision": 0.8685503685503686, "recall": 0.8327444051825678, "f1-score": 0.8502705953096814, "support": 849}, "N": {"precision": 0.8393665158371041, "recall": 0.8739693757361602, "f1-score": 0.8563185227928447, "support": 849}, "accuracy": 0.8533568904593639, "macro avg": {"precision": 0.8539584421937363, "recall": 0.853356890459364, "f1-score": 0.8532945590512631, "support": 1698}, "weighted avg": {"precision": 0.8539584421937363, "recall": 0.8533568904593639, "f1-score": 0.8532945590512631, "support": 1698}}