val_loss,val_acc,loss,acc
0.2259004977767774,0.9078439101300749,0.23791084256751782,0.901226241642679
0.25032047594144535,0.9046117461568782,0.14851040971253562,0.9414776211644447
0.23004961852520223,0.9183287347260544,0.11520444052231085,0.9546597179936749
0.19445998976855094,0.9257390618841151,0.09233185468021161,0.9641324340822066
0.22277847369629883,0.925896728419393,0.06726131550122594,0.9746474556218327
0.23385621298531825,0.9310997240835632,0.05644639109716432,0.9792152053150642
0.24419630324338226,0.932912889239259,0.050528148172513464,0.9811158797844723
