{"AF": {"precision": 0.925434439178515, "recall": 0.9392336059002726, "f1-score": 0.932282963316623, "support": 6237}, "N": {"precision": 0.9403619197482297, "recall": 0.9267990074441688, "f1-score": 0.9335312036241505, "support": 6448}, "accuracy": 0.932912889239259, "macro avg": {"precision": 0.9328981794633724, "recall": 0.9330163066722207, "f1-score": 0.9329070834703868, "support": 12685}, "weighted avg": {"precision": 0.9330223299718551, "recall": 0.932912889239259, "f1-score": 0.9329174649723532, "support": 12685}}