{"AF": {"precision": 0.9913793103448276, "recall": 0.8718125430737422, "f1-score": 0.9277594426109278, "support": 1451}, "N": {"precision": 0.8781925343811395, "recall": 0.9918639053254438, "f1-score": 0.9315734630079889, "support": 1352}, "accuracy": 0.9297181591152337, "macro avg": {"precision": 0.9347859223629835, "recall": 0.9318382241995931, "f1-score": 0.9296664528094584, "support": 2803}, "weighted avg": {"precision": 0.9367847612535304, "recall": 0.9297181591152337, "f1-score": 0.9295990985427246, "support": 2803}}